축제명,target
강경젓갈축제,장년층
강릉커피축제,가족
강진청자축제,장년층
고령대가야축제,장년층
곡성세계장미축제,장년층
관악강감찬축제,청년
광안리어방축제,청년
광주김치축제,가족
괴산고추축제,장년층
군산시간여행축제,장년층
금산인삼축제,장년층
금호강바람소리길축제,장년층
김제지평선축제,장년층
김해분청도자기축제,장년층
남원춘향제,장년층
담양대나무축제,가족
대구약령시한방문화축제,청년
대구치맥페스티벌,청년
대전사이언스페스티벌,가족
대전효문화뿌리축제,장년층
동래읍성역사축제,장년층
목포항구축제,장년층
무주반딧불축제,가족
문경찻사발축제,장년층
밀양아리랑대축제,장년층
보령머드축제,가족
보성다향대축제,장년층
봉화은어축제,가족
부안마실축제,장년층
부천국제만화축제,가족
부평풍물대축제,청년
산청한방약초축제,장년층
서산해미읍성축제,장년층
석장리세계구석기축제,가족
세종축제,가족
소래포구축제,가족
수성못페스티벌,가족
수원화성문화제,장년층
순창장류축제,장년층
시흥갯골축제,가족
안동탈춤축제,가족
안성맞춤남사당바우덕이축제,장년층
알프스하동섬진강문화재첩축제,장년층
양양송이축제,장년층
여주오곡나루축제,장년층
연천구석기축제,가족
영덕대게축제,장년층
영도다리축제,장년층
영동난계국악축제,장년층
영산강서창들녘억새축제,장년층
영암왕인문화축제,장년층
영주풍기인삼축제,장년층
울산고래축제,장년층
울산쇠부리축제,가족
울산옹기축제,가족
원주다이내믹댄싱카니발,가족
원주한지문화제,가족
음성품바축제,장년층
이천쌀문화축제,장년층
인천펜타포트음악축제,청년
임실N치즈축제,장년층
정남진장흥물축제,가족
정선아리랑제,장년층
제주들불축제,가족
지용제,장년층
진도신비의바닷길축제,장년층
진안홍삼축제,장년층
진주유등축제,장년층
천안흥타령축제,가족
청송사과축제,장년층
추억의충장축제,청년
춘천마임축제,장년층
탐라문화제,장년층
탐라입춘굿축제,가족
태백산눈축제,장년층
통영한산대첩축제,장년층
평창송어축제,가족
평창효석문화제,장년층
포항국제불빛축제,가족
하동야생차문화축제,장년층
한산모시문화제,장년층
한성백제문화제,가족
함평나비축제,장년층
화성뱃놀이축제,가족
화천산천어축제,가족
횡성한우축제,장년층
